Source code: 


private static String getWellFormName(String envName) {
  if (StringUtils.isBlank(envName)) {
    return "";
  }

  String envWellFormName = envName.trim().toUpperCase();

  // special case for production in case of typo
  if ("PROD".equals(envWellFormName)) {
    return Env.PRO.name;
  }

  // special case that FAT & FWS should map to FAT
  if ("FWS".equals(envWellFormName)) {
    return Env.FAT.name;
  }

  return envWellFormName;
}



No.1 generated result --------------------------

package com.ctrip.framework.apollo.portal.environment;

import org.junit.jupiter.api.*;
import static org.junit.jupiter.api.Assertions.*;

public class EnvTest {

    // Assume that 'getWellFormName' method is made package-private or public for testing purposes
    @Test
    public void getWellFormNameTest() {
        assertEquals("", Env.getWellFormName(null), "Null string should return empty string");
        assertEquals("", Env.getWellFormName(""), "Empty string should return empty string");
        assertEquals("", Env.getWellFormName("   "), "Whitespace string should return empty string");

        assertEquals("DEV", Env.getWellFormName("dev"), "Lowercase dev should be converted to uppercase DEV");
        assertEquals("DEV", Env.getWellFormName("   dev   "), "DEV with spaces should be trimmed and converted to uppercase");

        // Special case for PROD which should return PRO.name
        assertEquals(Env.PRO.name, Env.getWellFormName("PROD"), "PROD should return PRO name");
        assertEquals(Env.PRO.name, Env.getWellFormName("prod"), "prod in any case should return PRO name");
        assertEquals(Env.PRO.name, Env.getWellFormName("   pRoD   "), "\"   pRoD   \" should return PRO name");

        // Special case for FWS which should return FAT.name
        assertEquals(Env.FAT.name, Env.getWellFormName("FWS"), "FWS should return FAT name");
        assertEquals(Env.FAT.name, Env.getWellFormName("fws"), "fws in any case should return FAT name");
        assertEquals(Env.FAT.name, Env.getWellFormName("   fWs   "), "\"   fWs   \" should return FAT name");

        // Test for a well-formed name that does not require special mapping
        assertEquals("UAT", Env.getWellFormName("UAT"), "UAT should be returned as it is");
        assertEquals("UAT", Env.getWellFormName("uat"), "uat should be converted to UAT");
        assertEquals("UAT", Env.getWellFormName("   uAt   "), "\"   uAt   \" should return UAT");
    }
}


No.2 generated result --------------------------

package com.ctrip.framework.apollo.portal.environment;

import org.junit.jupiter.api.*;
import static org.junit.jupiter.api.Assertions.*;

public class EnvTest {
    @Test
    public void getWellFormNameTest() {
        assertEquals("", Env.getWellFormName(null), "getWellFormName should return an empty string for null input");
        assertEquals("", Env.getWellFormName(""), "getWellFormName should return an empty string for empty input");
        assertEquals("", Env.getWellFormName("  "), "getWellFormName should return an empty string for whitespace input");
        assertEquals("DEV", Env.getWellFormName(" dev "), "getWellFormName should return uppercase trimmed name for non-special env input");
        assertEquals(Env.PRO.name, Env.getWellFormName(" proD "), "getWellFormName should return Env.PRO.name for 'proD' input");
        assertEquals(Env.FAT.name, Env.getWellFormName(" fWs "), "getWellFormName should return Env.FAT.name for 'fWs' input");
        assertEquals("LPT", Env.getWellFormName("Lpt"), "getWellFormName should return 'LPT' for 'Lpt' input");
    }
}


No.3 generated result --------------------------

package com.ctrip.framework.apollo.portal.environment;

import org.junit.jupiter.api.Test;
import static org.junit.jupiter.api.Assertions.*;

public class EnvTest {
    @Test
    public void getWellFormNameTest() {
        // Test with null input, expecting empty string
        assertEquals("", Env.getWellFormName(null), "Null input should return empty string");

        // Test with empty string input, expecting empty string
        assertEquals("", Env.getWellFormName(""), "Empty input should return empty string");

        // Test with blank string input, expecting empty string
        assertEquals("", Env.getWellFormName("   "), "Blank input should return empty string");

        // Test with input that has leading/trailing spaces, expecting trimmed upper case
        assertEquals("SOMEENV", Env.getWellFormName(" someenv "), "Input with spaces should be trimmed and upper case");

        // Test with input "PROD", expecting "PRO"
        assertEquals(Env.PRO.name, Env.getWellFormName("PROD"), "Input 'PROD' should return 'PRO'");

        // Test with typo in "PROD", expecting "PRO"
        assertEquals(Env.PRO.name, Env.getWellFormName("proD"), "Typo in 'PROD' should return 'PRO'");

        // Test with input "FWS", expecting "FAT"
        assertEquals(Env.FAT.name, Env.getWellFormName("FWS"), "Input 'FWS' should return 'FAT'");

        // Test with normal input that should not be altered, except for being upper case
        assertEquals("DEV", Env.getWellFormName("Dev"), "Input should be in upper case");
    }
}


No.4 generated result --------------------------

package com.ctrip.framework.apollo.portal.environment;

import org.junit.jupiter.api.*;
import static org.junit.jupiter.api.Assertions.*;

public class EnvTest {
    
    // Assuming there's a way to access the getWellFormName method, if not, it would require changing the method visibility to package-private or public for testing
    @Test
    public void getWellFormNameTest() {
        assertEquals("", Env.getWellFormName(null), "Null environment name should return an empty string");
        assertEquals("", Env.getWellFormName(""), "Empty environment name should return an empty string");
        assertEquals("", Env.getWellFormName(" "), "Blank environment name should return an empty string");

        assertEquals("DEVELOPMENT", Env.getWellFormName("development"), "Proper formatted non-special env name should be returned in uppercase");
        assertEquals("DEVELOPMENT", Env.getWellFormName(" Development "), "Trailing spaces should be trimmed and name returned in uppercase");

        assertEquals(Env.PRO.name, Env.getWellFormName("prod"), "Special case for production with lowercase should match 'PRO'");
        assertEquals(Env.PRO.name, Env.getWellFormName("PROD"), "Special case for production with uppercase should match 'PRO'");
        assertEquals(Env.PRO.name, Env.getWellFormName(" Pro "), "Special case for production with spaces should match 'PRO'");

        assertEquals(Env.FAT.name, Env.getWellFormName("fat"), "Special case for FAT with lowercase should match 'FAT'");
        assertEquals(Env.FAT.name, Env.getWellFormName("FAT"), "Special case for FAT with uppercase should match 'FAT'");
        assertEquals(Env.FAT.name, Env.getWellFormName(" fAt "), "Special case for FAT with spaces and mixed case should match 'FAT'");

        assertEquals(Env.FAT.name, Env.getWellFormName("fws"), "Special case that FWS maps to FAT should match 'FAT'");
        assertEquals(Env.FAT.name, Env.getWellFormName("FWS"), "Special case that FWS in uppercase maps to FAT should match 'FAT'");
        assertEquals(Env.FAT.name, Env.getWellFormName(" Fws "), "Special case that FWS with spaces and mixed case maps to FAT should match 'FAT'");
    }
}


No.5 generated result --------------------------

package com.ctrip.framework.apollo.portal.environment;

import org.junit.jupiter.api.*;
import static org.junit.jupiter.api.Assertions.*;

public class EnvTest {
    
    @Test
    public void getWellFormNameTest() {
        assertEquals("DEV", Env.getWellFormName("dev")); // Test with lowercase
        assertEquals("DEV", Env.getWellFormName(" DEV ")); // Test with trailing spaces
        assertEquals(Env.PRO.name, Env.getWellFormName("prod")); // Test the special case for production
        assertEquals(Env.PRO.name, Env.getWellFormName("PROD")); // Test case insensitivity for production
        assertEquals(Env.FAT.name, Env.getWellFormName("fat")); // Normal case for FAT
        assertEquals(Env.FAT.name, Env.getWellFormName("FWS")); // Special case for FWS
        assertEquals("", Env.getWellFormName(null)); // Test with null input
        assertEquals("", Env.getWellFormName("")); // Test with empty string
        assertEquals("", Env.getWellFormName("  ")); // Test with spaces only
        assertEquals("LPT", Env.getWellFormName(" LPT ")); // Test with other environments
        // Add additional test cases as necessary
    }
}


No.6 generated result --------------------------

package com.ctrip.framework.apollo.portal.environment;

import org.junit.jupiter.api.Test;
import static org.junit.jupiter.api.Assertions.assertEquals;
import static org.junit.jupiter.api.Assertions.assertTrue;

public class EnvTest {

    @Test
    public void getWellFormNameTest() {
        assertEquals("", Env.getWellFormName(null), "Null should return an empty string");
        assertEquals("", Env.getWellFormName(""), "Empty string should return an empty string");
        assertEquals("", Env.getWellFormName("  "), "Whitespace should return an empty string");
        assertEquals("ENV", Env.getWellFormName("  env "), "Whitespace and case should be normalized");
        assertEquals(Env.PRO.name, Env.getWellFormName("prod"), "'prod' should map to PRO environment name");
        assertEquals(Env.PRO.name, Env.getWellFormName("PROD"), "'PROD' should map to PRO environment name");
        assertEquals(Env.FAT.name, Env.getWellFormName("FWS"), "'FWS' should map to FAT environment name");
        assertEquals(Env.FAT.name, Env.getWellFormName("fat"), "'fat' should map to FAT environment name");
        assertEquals("DEV", Env.getWellFormName("DEV"), "DEV should remain unchanged");
    }
}


No.7 generated result --------------------------

package com.ctrip.framework.apollo.portal.environment;

import org.junit.jupiter.api.*;
import static org.junit.jupiter.api.Assertions.*;

public class EnvTest {

    @Test
    public void getWellFormNameTest() {
        // Test case with null input
        assertEquals("", Env.getWellFormName(null));

        // Test case with an empty string
        assertEquals("", Env.getWellFormName(""));

        // Test case with whitespace
        assertEquals("", Env.getWellFormName("   "));

        // Test case with mixed-case input
        assertEquals("DEV", Env.getWellFormName("deV"));

        // Test case with leading/trailing whitespace
        assertEquals("DEV", Env.getWellFormName(" dev "));

        // Special case for typo in 'PROD'
        assertEquals(Env.PRO.name, Env.getWellFormName("Prod"));
        assertEquals(Env.PRO.name, Env.getWellFormName("PROD"));
        assertEquals(Env.PRO.name, Env.getWellFormName("pro"));

        // Special case that 'FAT' & 'FWS' should both map to 'FAT'
        assertEquals(Env.FAT.name, Env.getWellFormName("FAT"));
        assertEquals(Env.FAT.name, Env.getWellFormName("fat"));
        assertEquals(Env.FAT.name, Env.getWellFormName("FWS"));
        assertEquals(Env.FAT.name, Env.getWellFormName("fws"));

        // Test case with an unknown environment
        assertEquals("UNKNOWN_ENV", Env.getWellFormName("Unknown_Env"));

        // Test case for environments that don't have special mapping
        assertEquals("DEV", Env.getWellFormName("DEV"));
        assertEquals("UAT", Env.getWellFormName("UAT"));
        assertEquals("LPT", Env.getWellFormName("LPT"));
        assertEquals("TOOLS", Env.getWellFormName("TOOLS"));
    }
}


No.8 generated result --------------------------

package com.ctrip.framework.apollo.portal.environment;

import org.junit.jupiter.api.*;
import static org.junit.jupiter.api.Assertions.*;

public class EnvTest {
    @Test
    public void getWellFormNameTest() {
        // Test case for null input
        assertEquals("", Env.getWellFormName(null), "WellFormName should be empty for null environment name");

        // Test case for blank input
        assertEquals("", Env.getWellFormName(" "), "WellFormName should be empty for blank environment name");

        // Test cases for typical environment names
        assertEquals("DEV", Env.getWellFormName("dev"), "WellFormName should be in uppercase for 'dev'");
        assertEquals("UAT", Env.getWellFormName("UaT"), "WellFormName should be in uppercase for 'UaT'");
        assertEquals("LPT", Env.getWellFormName("lpt"), "WellFormName should be in uppercase for 'lpt'");
        
        // Special case for production "PROD"
        assertEquals(Env.PRO.name, Env.getWellFormName("prod"), "WellFormName should be mapped to Env.PRO.name for 'prod' or variations");
        
        // Special case for "FWS" that should map to "FAT"
        assertEquals(Env.FAT.name, Env.getWellFormName("FWS"), "WellFormName should be mapped to Env.FAT.name for 'FWS'");
        
        // Test case with additional spaces
        assertEquals("TOOLS", Env.getWellFormName("  tools  "), "WellFormName should be in uppercase and trimmed for '  tools  '");
    }
}


No.9 generated result --------------------------

package com.ctrip.framework.apollo.portal.environment;

import org.junit.jupiter.api.Test;
import static org.junit.jupiter.api.Assertions.*;

public class EnvTest {
    
    @Test
    public void getWellFormNameTest() {
        assertEquals("",  Env.getWellFormName(null), "Null input should return an empty string.");
        assertEquals("", Env.getWellFormName(""), "Empty string input should return an empty string.");
        assertEquals("", Env.getWellFormName("   "), "Input consisting solely of spaces should return an empty string.");
        assertEquals("ENV", Env.getWellFormName(" env "), "Input with leading/trailing spaces should be trimmed and returned in uppercase.");
        assertEquals("PRO", Env.getWellFormName("prod"), "The 'prod' environment should special-case to 'PRO'.");
        assertEquals("FAT", Env.getWellFormName("fws"), "The 'fws' environment should special-case to 'FAT'.");
        assertEquals("DEV", Env.getWellFormName("dev"), "Other cases should simply be returned in uppercase.");
    }
}


No.10 generated result --------------------------

package com.ctrip.framework.apollo.portal.environment;

import org.junit.jupiter.api.*;
import static org.junit.jupiter.api.Assertions.*;

public class EnvTest {

    @Test
    public void getWellFormNameTest() {
        // Test case for an empty string
        assertEquals("", Env.getWellFormName(""));
        
        // Test case for a null string
        assertEquals("", Env.getWellFormName(null));
        
        // Test case for a string with only whitespace
        assertEquals("", Env.getWellFormName("     "));

        // Test case with no special cases
        assertEquals("DEVELOPMENT", Env.getWellFormName("  development "));
        
        // Test case for the special "PROD" case
        assertEquals(Env.PRO.name, Env.getWellFormName("PrOD"));
        
        // Test case for the special "FWS" case, which should map to "FAT"
        assertEquals(Env.FAT.name, Env.getWellFormName("  FWS  "));
        
        // Test for a normal input that is not a special case
        assertEquals("LOCAL", Env.getWellFormName("local"));
    }
}


