Source code: 


public static String toLowerCase(String s) {
    char[] values = s.toCharArray();
    for (int i = 0; i < values.length; ++i) {
        if (Character.isLetter(values[i]) && Character.isUpperCase(values[i])) {
            values[i] = Character.toLowerCase(values[i]);
        }
    }
    return new String(values);
}



No.1 generated result --------------------------

Timeout


No.2 generated result --------------------------

Timeout


No.3 generated result --------------------------

package com.thealgorithms.strings;

import org.junit.jupiter.api.*;
import static org.junit.jupiter.api.Assertions.*;

public class LowerTest {
    
    @Test
    public void toLowerCaseTest() {
        assertEquals("hello", StringUtils.toLowerCase("HeLLo"));
        assertEquals("java", StringUtils.toLowerCase("JAVA"));
        assertEquals("java programming", StringUtils.toLowerCase("jAvA PrOgRaMmInG"));
        assertEquals("", StringUtils.toLowerCase(""));
        assertEquals("1234", StringUtils.toLowerCase("1234"));
        assertEquals("with space", StringUtils.toLowerCase("WITH SPACE"));
        assertEquals("with-symbols!", StringUtils.toLowerCase("WITH-SYMBOLS!"));
        assertEquals("already lower", StringUtils.toLowerCase("already lower"));
        assertEquals("withčřžsymbols", StringUtils.toLowerCase("WITHČŘŽSYMBOLS"));
    }
}


No.4 generated result --------------------------

package com.thealgorithms.strings;

import org.junit.jupiter.api.*;
import static org.junit.jupiter.api.Assertions.*;

public class LowerTest {
    
    @Test
    public void toLowerCaseTest() {
        // Test with normal uppercase string
        assertEquals("hello", LowerTest.toLowerCase("HELLO"), "The string should be converted to lowercase");
        
        // Test with mixed case string
        assertEquals("world", LowerTest.toLowerCase("WoRLD"), "The string should be converted to lowercase");
        
        // Test with already lowercase string
        assertEquals("already lowercase", LowerTest.toLowerCase("already lowercase"), "The string should remain unchanged");
        
        // Test with empty string
        assertEquals("", LowerTest.toLowerCase(""), "The string should remain unchanged");

        // Test with numbers and symbols (which should remain unchanged)
        assertEquals("12345!@#$%", LowerTest.toLowerCase("12345!@#$%"), "The string should remain unchanged");

        // Test with string that has spaces
        assertEquals("with spaces", LowerTest.toLowerCase("With Spaces"), "The string should be converted to lowercase");

        // Test with non-English letters
        assertEquals("строка", LowerTest.toLowerCase("Строка"), "The non-English string should be converted to lowercase");
    }
    
    public static String toLowerCase(String s) {
        char[] values = s.toCharArray();
        for (int i = 0; i < values.length; ++i) {
            if (Character.isLetter(values[i]) && Character.isUpperCase(values[i])) {
                values[i] = Character.toLowerCase(values[i]);
            }
        }
        return new String(values);
    }
}


No.5 generated result --------------------------

package com.thealgorithms.strings;

import org.junit.jupiter.api.Test;
import static org.junit.jupiter.api.Assertions.assertEquals;

public class LowerTest {
    @Test
    public void toLowerCaseTest() {
        assertEquals("hello", StringTransform.toLowerCase("HELLO"));
        assertEquals("world", StringTransform.toLowerCase("WORLD"));
        assertEquals("java", StringTransform.toLowerCase("Java"));
        assertEquals("junit", StringTransform.toLowerCase("Junit"));
        assertEquals("", StringTransform.toLowerCase(""));
        assertEquals("12345", StringTransform.toLowerCase("12345"));
        assertEquals("12345 hello", StringTransform.toLowerCase("12345 HELLO"));
        assertEquals("test@junit", StringTransform.toLowerCase("TEST@JUNIT"));
        assertEquals("spaces and 1234!", StringTransform.toLowerCase("SPACES AND 1234!"));
    }
}


No.6 generated result --------------------------

package com.thealgorithms.strings;

import org.junit.jupiter.api.*;
import static org.junit.jupiter.api.Assertions.*;

public class LowerTest {

    @Test
    public void toLowerCaseTest() {
        assertEquals("hello", StringFunctions.toLowerCase("HELLO"));
        assertEquals("hello world", StringFunctions.toLowerCase("Hello World"));
        assertEquals("123", StringFunctions.toLowerCase("123"));
        assertEquals("!", StringFunctions.toLowerCase("!"));
        assertEquals("java", StringFunctions.toLowerCase("Java"));
        assertEquals("java123!", StringFunctions.toLowerCase("Java123!"));
        assertEquals("", StringFunctions.toLowerCase(""));
        assertEquals("already lowercase", StringFunctions.toLowerCase("already lowercase"));
        assertEquals("spaces  and\ttabs", StringFunctions.toLowerCase("Spaces  AND\tTABS"));
        assertEquals("ümlauts äre cöol", StringFunctions.toLowerCase("Ümlauts Äre Cöol"));
    }
}


No.7 generated result --------------------------

package com.thealgorithms.strings;

import org.junit.jupiter.api.*;
import static org.junit.jupiter.api.Assertions.*;

public class LowerTest {

    @Test
    public void toLowerCaseTest() {
        // Test with all uppercase letters
        assertEquals("hello", StringManipulations.toLowerCase("HELLO"));

        // Test with mixed case
        assertEquals("test", StringManipulations.toLowerCase("TesT"));

        // Test with all lowercase (should remain the same)
        assertEquals("lower", StringManipulations.toLowerCase("lower"));

        // Test with empty string
        assertEquals("", StringManipulations.toLowerCase(""));

        // Test with numbers and special characters (should remain unchanged)
        assertEquals("12345!@#$%", StringManipulations.toLowerCase("12345!@#$%"));

        // Test with non-English uppercase characters (depends on implementation)
        assertEquals("über", StringManipulations.toLowerCase("ÜBER"));

        // Test with mixed alphanumeric input (non-letter characters should remain unchanged)
        assertEquals("a1b2c3", StringManipulations.toLowerCase("A1B2C3"));
    }
}


No.8 generated result --------------------------

package com.thealgorithms.strings;

import org.junit.jupiter.api.*;
import static org.junit.jupiter.api.Assertions.*;

public class LowerTest {
    @Test
    public void toLowerCaseTest() {
        assertEquals("hello", StringUtils.toLowerCase("HELLO"));
        assertEquals("hello world", StringUtils.toLowerCase("Hello World"));
        assertEquals("123", StringUtils.toLowerCase("123"));
        assertEquals("test123", StringUtils.toLowerCase("Test123"));
        assertEquals("", StringUtils.toLowerCase(""));
        assertEquals("ă í ō", StringUtils.toLowerCase("Ă Í Ō")); // example for non-ASCII uppercase characters
        assertEquals("hello", StringUtils.toLowerCase("hello")); // no change
    }
}

// Note: StringUtils is used assumming that the provided toLowerCase method is inside a class named StringUtils.


No.9 generated result --------------------------

package com.thealgorithms.strings;

import org.junit.jupiter.api.*;
import static org.junit.jupiter.api.Assertions.*;

public class LowerTest {

    @Test
    public void toLowerCaseTest() {
        assertEquals("hello", StringManipulations.toLowerCase("HELLO"));
        assertEquals("hello world", StringManipulations.toLowerCase("Hello World"));
        assertEquals("12345", StringManipulations.toLowerCase("12345"));
        assertEquals("test123", StringManipulations.toLowerCase("Test123"));
        assertEquals("", StringManipulations.toLowerCase(""));
        assertEquals("symbols & numbers !@#123", StringManipulations.toLowerCase("Symbols & Numbers !@#123"));
        assertEquals("mixed case", StringManipulations.toLowerCase("Mixed CASE"));
        // Testing for null should be part of the test cases but since the method does
        // not handle null input, including this test will cause NullPointerException.
        // Uncomment the below line to test null input handling after modifying the method.
        // assertThrows(NullPointerException.class, () -> StringManipulations.toLowerCase(null));
    }

    // Assuming here that the method toLowerCase() belongs to the class StringManipulations
    // Replace `StringManipulations` with the actual class name containing the method.
}


No.10 generated result --------------------------

package com.thealgorithms.strings;

import org.junit.jupiter.api.*;
import static org.junit.jupiter.api.Assertions.*;

public class LowerTest {
    
    @Test
    public void toLowerCaseTest() {
        assertEquals("hello", LowerCase.toLowerCase("HELLO"));
        assertEquals("hello world", LowerCase.toLowerCase("Hello World"));
        assertEquals("", LowerCase.toLowerCase(""));
        assertEquals("123", LowerCase.toLowerCase("123"));
        assertEquals("test123", LowerCase.toLowerCase("Test123"));
        assertEquals("with symbols !@#", LowerCase.toLowerCase("With Symbols !@#"));
    }
}


