Source code: 


public static String toLowerCase(String s) {
    char[] values = s.toCharArray();
    for (int i = 0; i < values.length; ++i) {
        if (Character.isLetter(values[i]) && Character.isUpperCase(values[i])) {
            values[i] = Character.toLowerCase(values[i]);
        }
    }
    return new String(values);
}



No.1 generated result --------------------------

package com.thealgorithms.strings;

import org.junit.jupiter.api.Test;
import static org.junit.jupiter.api.Assertions.*;

public class LowerTest {
    @Test
    public void toLowerCaseTest() {
        assertEquals("abc", Lower.toLowerCase("ABC"));
        assertEquals("abc123", Lower.toLowerCase("ABC123"));
        assertEquals("abcabc", Lower.toLowerCase("abcABC"));
        assertEquals("abc123abc", Lower.toLowerCase("abc123ABC"));
        assertEquals("", Lower.toLowerCase(""));
        assertEquals("12345", Lower.toLowerCase("12345"));
        assertEquals("a1b2c3", Lower.toLowerCase("A1B2C3"));
    }
}


No.2 generated result --------------------------

package com.thealgorithms.strings;

import org.junit.jupiter.api.Test;
import static org.junit.jupiter.api.Assertions.*;

public class LowerTest {
    @Test
    public void toLowerCaseTest() {
        assertEquals("abc", Lower.toLowerCase("ABC"));
        assertEquals("abc123", Lower.toLowerCase("ABC123"));
        assertEquals("abcabc", Lower.toLowerCase("abcABC"));
        assertEquals("abc123abc", Lower.toLowerCase("abc123ABC"));
        assertEquals("abc", Lower.toLowerCase("abc"));
        assertEquals("", Lower.toLowerCase(""));
        assertEquals("123", Lower.toLowerCase("123"));
        assertEquals("abc-def 123", Lower.toLowerCase("ABC-DEF 123"));
    }
}


No.3 generated result --------------------------

### JUNIT Test case:
package com.thealgorithms.strings;

import org.junit.jupiter.api.*;
import static org.junit.jupiter.api.Assertions.*;

public class LowerTest {
    @Test
    public void toLowerCaseTest() {
        // Test with all uppercase letters
        String input1 = "ABC";
        String expectedOutput1 = "abc";
        assertEquals(expectedOutput1, Lower.toLowerCase(input1));

        // Test with mixed case letters and numbers
        String input2 = "ABC123";
        String expectedOutput2 = "abc123";
        assertEquals(expectedOutput2, Lower.toLowerCase(input2));

        // Test with mixed lowercase and uppercase
        String input3 = "abcABC";
        String expectedOutput3 = "abcabc";
        assertEquals(expectedOutput3, Lower.toLowerCase(input3));

        // Test with lowercase, uppercase letters and numbers
        String input4 = "abc123ABC";
        String expectedOutput4 = "abc123abc";
        assertEquals(expectedOutput4, Lower.toLowerCase(input4));

        // Test with an empty string
        String input5 = "";
        String expectedOutput5 = "";
        assertEquals(expectedOutput5, Lower.toLowerCase(input5));

        // Test with a string that is already in lowercase
        String input6 = "alreadylower";
        String expectedOutput6 = "alreadylower";
        assertEquals(expectedOutput6, Lower.toLowerCase(input6));

        // Test with a string that has symbols and spaces
        String input7 = "Hello World! 123";
        String expectedOutput7 = "hello world! 123";
        assertEquals(expectedOutput7, Lower.toLowerCase(input7));

        // Test with a non-English uppercase letter
        String input8 = "ÄÖÜ";
        String expectedOutput8 = "äöü";
        assertEquals(expectedOutput8, Lower.toLowerCase(input8));
    }
}



No.4 generated result --------------------------

package com.thealgorithms.strings;

import org.junit.jupiter.api.Test;
import static org.junit.jupiter.api.Assertions.assertEquals;

public class LowerTest {
    @Test
    public void toLowerCaseTest() {
        assertEquals("abc", Lower.toLowerCase("ABC"));
        assertEquals("abc123", Lower.toLowerCase("ABC123"));
        assertEquals("abcabc", Lower.toLowerCase("abcABC"));
        assertEquals("abc123abc", Lower.toLowerCase("abc123ABC"));
    }
}


No.5 generated result --------------------------

package com.thealgorithms.strings;

import org.junit.jupiter.api.Test;
import static org.junit.jupiter.api.Assertions.assertEquals;

public class LowerTest {
    @Test
    public void toLowerCaseTest() {
        assertEquals("abc", Lower.toLowerCase("ABC"));
        assertEquals("abc123", Lower.toLowerCase("ABC123"));
        assertEquals("abcabc", Lower.toLowerCase("abcABC"));
        assertEquals("abc123abc", Lower.toLowerCase("abc123ABC"));
        assertEquals("abc", Lower.toLowerCase("aBc"));
        assertEquals("", Lower.toLowerCase(""));
        assertEquals("123", Lower.toLowerCase("123"));
        assertEquals("!!!", Lower.toLowerCase("!!!"));
        assertEquals("example text", Lower.toLowerCase("Example Text"));
    }
}


No.6 generated result --------------------------

package com.thealgorithms.strings;

import org.junit.jupiter.api.*;
import static org.junit.jupiter.api.Assertions.*;

public class LowerTest {
    @Test
    public void toLowerCaseTest() {
        assertEquals("abc", Lower.toLowerCase("ABC"));
        assertEquals("abc123", Lower.toLowerCase("ABC123"));
        assertEquals("abcabc", Lower.toLowerCase("abcABC"));
        assertEquals("abc123abc", Lower.toLowerCase("abc123ABC"));
        assertEquals("", Lower.toLowerCase(""));
        assertEquals("123", Lower.toLowerCase("123"));
        assertEquals("a1b2c3", Lower.toLowerCase("A1B2C3"));
        assertEquals(" already lowercase ", Lower.toLowerCase(" already lowercase "));
        assertEquals("@#$$%", Lower.toLowerCase("@#$$%"));
    }
}


No.7 generated result --------------------------

package com.thealgorithms.strings;

import org.junit.jupiter.api.Test;
import static org.junit.jupiter.api.Assertions.assertEquals;

public class LowerTest {
    @Test
    public void toLowerCaseTest() {
        assertEquals("abc", Lower.toLowerCase("ABC"));
        assertEquals("abc123", Lower.toLowerCase("ABC123"));
        assertEquals("abcabc", Lower.toLowerCase("abcABC"));
        assertEquals("abc123abc", Lower.toLowerCase("abc123ABC"));
        assertEquals("", Lower.toLowerCase(""));
        assertEquals(" ", Lower.toLowerCase(" "));
        assertEquals("1234567890", Lower.toLowerCase("1234567890"));
        assertEquals("abc!@#", Lower.toLowerCase("abc!@#"));
        assertEquals("abc!@#abc", Lower.toLowerCase("AbC!@#ABC"));
    }
}


No.8 generated result --------------------------

package com.thealgorithms.strings;

import org.junit.jupiter.api.*;
import static org.junit.jupiter.api.Assertions.*;

public class LowerTest {
    @Test
    public void toLowerCaseTest() {
        assertEquals("abc", Lower.toLowerCase("ABC"));
        assertEquals("abc123", Lower.toLowerCase("ABC123"));
        assertEquals("abcabc", Lower.toLowerCase("abcABC"));
        assertEquals("abc123abc", Lower.toLowerCase("abc123ABC"));
        assertEquals("", Lower.toLowerCase(""));
        assertEquals(" ", Lower.toLowerCase(" "));
        assertEquals("123", Lower.toLowerCase("123"));
        assertEquals("abc", Lower.toLowerCase("abc"));
    }
}


No.9 generated result --------------------------

package com.thealgorithms.strings;

import org.junit.jupiter.api.Test;
import static org.junit.jupiter.api.Assertions.assertEquals;

public class LowerTest {

    @Test
    public void toLowerCaseTest() {
        assertEquals("abc", Lower.toLowerCase("ABC"));
        assertEquals("abc123", Lower.toLowerCase("ABC123"));
        assertEquals("abcabc", Lower.toLowerCase("abcABC"));
        assertEquals("abc123abc", Lower.toLowerCase("abc123ABC"));
        assertEquals("", Lower.toLowerCase(""));
        assertEquals("123", Lower.toLowerCase("123"));
        assertEquals("abc!@#", Lower.toLowerCase("aBC!@#"));
    }
}


No.10 generated result --------------------------

package com.thealgorithms.strings;

import org.junit.jupiter.api.*;
import static org.junit.jupiter.api.Assertions.*;

public class LowerTest {
    @Test
    public void toLowerCaseTest() {
        assertEquals("abc", Lower.toLowerCase("ABC"));
        assertEquals("abc123", Lower.toLowerCase("ABC123"));
        assertEquals("abcabc", Lower.toLowerCase("abcABC"));
        assertEquals("abc123abc", Lower.toLowerCase("abc123ABC"));
        assertEquals("", Lower.toLowerCase(""));
        assertEquals("123", Lower.toLowerCase("123"));
        assertEquals("abc123!@#", Lower.toLowerCase("abc123!@#"));
        
        // Additional edge case tests
        assertEquals("a", Lower.toLowerCase("A")); // Single uppercase character
        assertEquals("ab", Lower.toLowerCase("Ab")); // Single uppercase at start
        assertEquals("a", Lower.toLowerCase("a")); // Single lowercase character
        assertEquals("", Lower.toLowerCase(null)); // Null input handling if it should be supported
        // note for the last test case: We could potentially expect a NullPointerException to be thrown here
        // if null input is not allowed by the toLowerCase method behavior, the test case would then be modified
        // accordingly to handle the exception and assert it's being thrown.
    }
}


