Source code: 


private static String getWellFormName(String envName) {
  if (StringUtils.isBlank(envName)) {
    return "";
  }

  String envWellFormName = envName.trim().toUpperCase();

  // special case for production in case of typo
  if ("PROD".equals(envWellFormName)) {
    return Env.PRO.name;
  }

  // special case that FAT & FWS should map to FAT
  if ("FWS".equals(envWellFormName)) {
    return Env.FAT.name;
  }

  return envWellFormName;
}



No.1 generated result --------------------------

package com.ctrip.framework.apollo.portal.environment;

import org.junit.jupiter.api.*;
import static org.junit.jupiter.api.Assertions.*;

public class EnvTest {
    @Test
    public void getWellFormNameTest() {
        // Test for null input
        assertEquals("", Env.getWellFormName(null), "The well-formed name of a null input should be an empty string.");
        
        // Test for blank input
        assertEquals("", Env.getWellFormName(" "), "The well-formed name of a blank input should be an empty string.");
        
        // Test for input with only spaces
        assertEquals("", Env.getWellFormName("   "), "The well-formed name of an input with only spaces should be an empty string.");

        // Test for correct trimming and uppercasing
        assertEquals("DEMO", Env.getWellFormName("  demo "), "The well-formed name should be trimmed and uppercased.");

        // Test for special case for production
        assertEquals(Env.PRO.name, Env.getWellFormName("prod"), "The well-formed name should be 'PRO' when input is 'prod'.");
        assertEquals(Env.PRO.name, Env.getWellFormName("proD"), "The well-formed name should be 'PRO' when input is 'proD'.");

        // Test for special cases that map FWS to FAT
        assertEquals(Env.FAT.name, Env.getWellFormName("FWS"), "The well-formed name should be 'FAT' when input is 'FWS'.");
        assertEquals(Env.FAT.name, Env.getWellFormName("fwS"), "The well-formed name should be 'FAT' when input is 'fwS'.");
    }
}


No.2 generated result --------------------------

package com.ctrip.framework.apollo.portal.environment;

import org.junit.jupiter.api.*;
import static org.junit.jupiter.api.Assertions.*;

public class EnvTest {
    
    @Test
    public void getWellFormNameTest() {
        assertEquals("", Env.getWellFormName(null));
        assertEquals("", Env.getWellFormName(""));
        assertEquals("", Env.getWellFormName("   "));
        assertEquals("DEV", Env.getWellFormName("dev"));
        assertEquals("DEV", Env.getWellFormName(" dev "));
        assertEquals("LOCAL", Env.getWellFormName("local"));
        assertEquals("UAT", Env.getWellFormName("uat"));
        assertEquals("PRO", Env.getWellFormName("PROD")); // special case for production
        assertEquals("FAT", Env.getWellFormName("fat"));
        assertEquals("FAT", Env.getWellFormName("FWS")); // special case that maps FWS to FAT
        assertEquals("TOOLS", Env.getWellFormName("tools"));
        assertEquals("UNKNOWN", Env.getWellFormName("unknown"));
        // Test a case that is not in the predefined environments
        assertEquals("NONEXISTENTENV", Env.getWellFormName("nonexistentenv"));
    }
}


No.3 generated result --------------------------

package com.ctrip.framework.apollo.portal.environment;

import org.junit.jupiter.api.Test;
import static org.junit.jupiter.api.Assertions.assertEquals;

public class EnvTest {
    @Test
    public void getWellFormNameTest() {
        // Base case - input string is null or blank
        assertEquals("", Env.transformEnv(null).getName());
        assertEquals("", Env.transformEnv("").getName());
        assertEquals("", Env.transformEnv("   ").getName());

        // Test trimming and upper case
        assertEquals("DEMO", Env.transformEnv(" demo ").getName());
        assertEquals("DEMO", Env.transformEnv("DEMO").getName());

        // Special case for PROD
        assertEquals(Env.PRO.getName(), Env.transformEnv("prod").getName());
        assertEquals(Env.PRO.getName(), Env.transformEnv("PROD").getName());
        assertEquals(Env.PRO.getName(), Env.transformEnv("ProD").getName());

        // Special case for FAT
        assertEquals(Env.FAT.getName(), Env.transformEnv("FAT").getName());

        // Special case for FWS
        assertEquals(Env.FAT.getName(), Env.transformEnv("FWS").getName());

        // Case where the string does not match any special case or existing environment
        assertEquals("NONEXISTENTENV", Env.transformEnv("NonExistentEnv").getName());
    }
}


No.4 generated result --------------------------

package com.ctrip.framework.apollo.portal.environment;

import org.junit.jupiter.api.Test;
import static org.junit.jupiter.api.Assertions.*;

public class EnvTest {
    
    @Test
    public void getWellFormNameTest() {
        // Check for null or empty string handling
        assertEquals("", Env.getWellFormName(null));
        assertEquals("", Env.getWellFormName(""));
        assertEquals("", Env.getWellFormName(" "));
        
        // Check for trimming and upper case conversion
        assertEquals("DEV", Env.getWellFormName(" dev "));
        assertEquals("TEST", Env.getWellFormName("test"));
        
        // Check for production environment special case
        assertEquals(Env.PRO.name, Env.getWellFormName("prod"));
        assertEquals(Env.PRO.name, Env.getWellFormName("PROD"));
        
        // Check for the special case where "FWS" should map to "FAT"
        assertEquals(Env.FAT.name, Env.getWellFormName("FWS"));
        
        // Check for non-special cases to ensure they are returned correctly
        assertEquals("UAT", Env.getWellFormName("uat"));
        assertEquals("LPT", Env.getWellFormName("LPT"));
    }
}


No.5 generated result --------------------------

package com.ctrip.framework.apollo.portal.environment;

import org.junit.jupiter.api.*;
import static org.junit.jupiter.api.Assertions.*;

public class EnvTest {
    @Test
    public void getWellFormNameTest() {
        // Test with null input
        assertEquals("", Env.getWellFormName(null), "The well-formed name of a null input should be an empty string.");

        // Test with empty string
        assertEquals("", Env.getWellFormName(""), "The well-formed name of an empty string should be an empty string.");

        // Test with whitespace input
        assertEquals("", Env.getWellFormName("  "), "The well-formed name of whitespace should be an empty string.");

        // Test with normal env names
        assertEquals("DEV", Env.getWellFormName("dev"), "The well-formed name should be in uppercase.");
        assertEquals("FAT", Env.getWellFormName("fat"), "The well-formed name should be in uppercase.");

        // Test with leading and trailing spaces
        assertEquals("UAT", Env.getWellFormName("  uat  "), "The well-formed name should be trimmed and in uppercase.");

        // Test with special case for PROD environment
        assertEquals(Env.PRO.name, Env.getWellFormName("prod"), "The well-formed name of 'prod' should map to the name of Env.PRO.");

        // Test with special case for FAT and FWS environments
        assertEquals(Env.FAT.name, Env.getWellFormName("fws"), "The well-formed name of 'fws' should map to the name of Env.FAT.");
    }
}


No.6 generated result --------------------------

package com.ctrip.framework.apollo.portal.environment;

import org.junit.jupiter.api.*;
import static org.junit.jupiter.api.Assertions.*;

public class EnvTest {

    @Test
    public void getWellFormNameTest() {
        // Test for null input
        assertEquals("", Env.getWellFormName(null));

        // Test for empty string input
        assertEquals("", Env.getWellFormName(""));

        // Test for string with only whitespace
        assertEquals("", Env.getWellFormName(" \t\n"));

        // Test for valid environment name without any extra whitespace
        assertEquals("DEV", Env.getWellFormName("dev"));

        // Test for valid environment name with extra whitespace
        assertEquals("DEV", Env.getWellFormName(" dev "));

        // Test for all-uppercase environment name
        assertEquals("DEV", Env.getWellFormName("DEV"));

        // Test for mixed-case environment name
        assertEquals("DEV", Env.getWellFormName("dEv"));

        // Test for special case "PROD" typo
        assertEquals(Env.PRO.name, Env.getWellFormName("prod"));

        // Test for special case that "FWS" should map to "FAT"
        assertEquals(Env.FAT.name, Env.getWellFormName("fws"));

        // Test for other environment names that are not special cases
        assertEquals("UAT", Env.getWellFormName("uat"));
        assertEquals("LPT", Env.getWellFormName("lpt"));
    }
}


No.7 generated result --------------------------

package com.ctrip.framework.apollo.portal.environment;

import org.junit.jupiter.api.Test;
import static org.junit.jupiter.api.Assertions.*;

public class EnvTest {
    @Test
    public void getWellFormNameTest() {
        // Test that a null or blank string returns an empty string
        assertEquals("", Env.getWellFormName(null));
        assertEquals("", Env.getWellFormName(""));
        assertEquals("", Env.getWellFormName("   "));

        // Test that env name is trimmed and converted to uppercase
        assertEquals("DEV", Env.getWellFormName(" dev "));
        assertEquals("PRO", Env.getWellFormName("    PROD  ")); // special case for PROD
        assertEquals("FAT", Env.getWellFormName("fat")); // default mapping
        assertEquals("FAT", Env.getWellFormName("FWS")); // special case for FWS

        // Test that random string (not a valid Env) returns the same string in uppercase
        assertEquals("RANDOM", Env.getWellFormName("random"));

        // Test that valid env names are correctly transformed
        assertEquals("LOCAL", Env.getWellFormName("Local"));
        assertEquals("DEV", Env.getWellFormName("dev"));
        assertEquals("FAT", Env.getWellFormName("FAT"));
        assertEquals("UAT", Env.getWellFormName("uat"));
        assertEquals("PRO", Env.getWellFormName("PRO"));
        assertEquals("TOOLS", Env.getWellFormName("tools"));

        // Further tests could include other cases as needed
    }
}



No.8 generated result --------------------------

package com.ctrip.framework.apollo.portal.environment;

import org.junit.jupiter.api.*;
import static org.junit.jupiter.api.Assertions.*;

public class EnvTest {
    
    @Test
    public void getWellFormNameTest() {
        // Test for null input
        assertEquals("", Env.getWellFormName(null), "Well form name should be empty string for null input");
        
        // Test for empty string input
        assertEquals("", Env.getWellFormName(""), "Well form name should be empty string for empty input");
        
        // Test for whitespace input
        assertEquals("", Env.getWellFormName("   "), "Well form name should be empty string for whitespace input");
        
        // Test for name normalization
        assertEquals("DEV", Env.getWellFormName(" dev  "), "Well form name should be in uppercase and trimmed");
        
        // Test for special case for "PROD" typo
        assertEquals(Env.PRO.getName(), Env.getWellFormName("prod"), "Well form name should be the name of PRO env when input is 'prod'");
        
        // Test for special case that FAT & FWS should map to FAT
        assertEquals(Env.FAT.getName(), Env.getWellFormName("fws"), "Well form name should be the name of FAT env when input is 'fws'");
        
        // Test for typical case
        assertEquals("UAT", Env.getWellFormName("uat"), "Well form name should be the UAT env");
        
        // Test for case sensitivity and trimming
        assertEquals("TOOLS", Env.getWellFormName(" tools "), "Well form name should be uppercase and trimmed for TOOLS env");
        
        // Test for an input that is not a special case and doesn't exist in STRING_ENV_MAP
        assertThrows(IllegalArgumentException.class, () -> Env.valueOf("DOESNOTEXIST"), "Should throw an exception if environment name does not exist");
    }
}


No.9 generated result --------------------------

package com.ctrip.framework.apollo.portal.environment;

import org.junit.jupiter.api.*;
import static org.junit.jupiter.api.Assertions.*;

public class EnvTest {

    @Test
    public void getWellFormNameTest() {
        assertEquals("", Env.getWellFormName(null), "Null should return an empty string");
        assertEquals("", Env.getWellFormName(""), "Empty string should return an empty string");
        assertEquals("", Env.getWellFormName("   "), "Whitespace string should return an empty string");
        assertEquals("DEV", Env.getWellFormName("dev"), "Lowercase env name should be transformed to uppercase");
        assertEquals("DEV", Env.getWellFormName(" DEV "), "Env name with surrounding spaces should be trimmed and uppercase");
        assertEquals(Env.PRO.name, Env.getWellFormName("PROD"), "PROD should be corrected to PRO");
        assertEquals(Env.FAT.name, Env.getWellFormName("FWS"), "FWS should be mapped to FAT");
        assertEquals("UNKNOWN_ENV", Env.getWellFormName("unknown_env"), "Unknown env should be returned as is, in uppercase form");
    }
}


No.10 generated result --------------------------

package com.ctrip.framework.apollo.portal.environment;

import org.junit.jupiter.api.*;
import static org.junit.jupiter.api.Assertions.*;

public class EnvTest {

    @Test
    public void getWellFormNameTest() {
        // Test with a blank environment name
        assertEquals("", Env.getWellFormName(null), "A null environment name should return an empty string.");
        assertEquals("", Env.getWellFormName(" "), "A blank environment name should return an empty string.");
        assertEquals("", Env.getWellFormName("\t"), "A whitespace environment name should return an empty string.");

        // Test with different cases and spaces
        assertEquals("DEV", Env.getWellFormName("  dev  "), "A lower case environment name with spaces should be transformed to upper case.");
        assertEquals("QA", Env.getWellFormName(" qa "), "A lower case environment name with leading/trailing spaces should be trimmed and upper cased.");
        assertEquals("STAGING", Env.getWellFormName("StAgInG"), "A mixed-case environment name should be transformed to upper case.");

        // Test the special case for production regardless of typo ("PROD" should return "PRO")
        assertEquals(Env.PRO.getName(), Env.getWellFormName("Prod"), "The 'Prod' typo should return the well-formed 'PRO' environment name.");
        assertEquals(Env.PRO.getName(), Env.getWellFormName("prod"), "The 'prod' typo in lower case should still return the well-formed 'PRO' environment name.");

        // Test the special case that "FWS" should map to "FAT"
        assertEquals(Env.FAT.getName(), Env.getWellFormName("FWS"), "The 'FWS' environment name should be mapped to 'FAT'.");

        // Test with a name that is not a special case and not blank
        String randomEnvName = "CUSTOM_ENV";
        assertEquals(randomEnvName, Env.getWellFormName(randomEnvName), "A valid non-special environment name should be returned as is.");
    }
}


